yearend,locationabbr,sample_size,classid,questionid,stratificationid1,data_value
2011,1,7304.0,1,2,OVERALL,32.0
2011,1,7304.0,1,3,OVERALL,34.7
2011,1,7231.0,0,0,OVERALL,43.8
2011,1,7135.0,0,1,OVERALL,24.3
2011,1,7191.0,2,4,OVERALL,42.4
2011,1,7145.0,2,5,OVERALL,15.0
2011,1,7152.0,2,6,OVERALL,23.9
2011,1,7415.0,2,7,OVERALL,24.7
2011,1,7470.0,2,8,OVERALL,32.6
2012,1,8651.0,1,2,OVERALL,33.0
2012,1,8651.0,1,3,OVERALL,34.8
2012,1,9014.0,2,8,OVERALL,27.2
2013,1,6244.0,1,2,OVERALL,32.4
2013,1,6244.0,1,3,OVERALL,35.7
2013,1,5975.0,0,0,OVERALL,46.0
2013,1,5871.0,0,1,OVERALL,25.8
2013,1,5915.0,2,4,OVERALL,45.4
2013,1,5846.0,2,5,OVERALL,15.9
2013,1,5877.0,2,6,OVERALL,27.3
2013,1,6083.0,2,7,OVERALL,24.9
2013,1,6164.0,2,8,OVERALL,31.5
2014,1,8190.0,1,2,OVERALL,33.5
2014,1,8190.0,1,3,OVERALL,33.4
2014,1,8639.0,2,8,OVERALL,27.6
2011,0,3336.0,1,2,OVERALL,27.4
2011,0,3336.0,1,3,OVERALL,38.9
2011,0,3231.0,0,0,OVERALL,38.7
2011,0,3233.0,0,1,OVERALL,19.7
2011,0,3166.0,2,5,OVERALL,25.0
2011,0,3186.0,2,6,OVERALL,37.7
2011,0,3294.0,2,7,OVERALL,33.8
2011,0,3349.0,2,8,OVERALL,22.0
2012,0,4093.0,1,2,OVERALL,25.7
2012,0,4093.0,1,3,OVERALL,39.1
2012,0,4336.0,2,8,OVERALL,18.5
2013,0,4396.0,1,2,OVERALL,28.4
2013,0,4396.0,1,3,OVERALL,37.7
2013,0,4252.0,0,0,OVERALL,39.7
2013,0,4197.0,0,1,OVERALL,19.2
2013,0,4079.0,2,5,OVERALL,25.1
2013,0,4104.0,2,6,OVERALL,36.4
2014,0,4142.0,1,2,OVERALL,29.7
2013,0,4207.0,2,7,OVERALL,36.0
2013,0,4275.0,2,8,OVERALL,22.3
2014,0,4142.0,1,3,OVERALL,35.1
2014,0,4378.0,2,8,OVERALL,19.2
2011,3,6150.0,1,2,OVERALL,25.1
2011,3,5981.0,1,3,OVERALL,37.8
2011,3,6105.0,0,0,OVERALL,38.0
2011,3,6003.0,0,1,OVERALL,20.6
2011,3,6197.0,2,8,OVERALL,24.1
2011,3,5915.0,2,5,OVERALL,24.2
2011,3,5961.0,2,6,OVERALL,33.1
2011,3,6087.0,2,7,OVERALL,32.5
2012,3,6951.0,1,2,OVERALL,26.0
2012,3,6951.0,1,3,OVERALL,36.0
2012,3,7285.0,2,8,OVERALL,22.6
2013,3,4029.0,1,2,OVERALL,26.8
2013,3,4029.0,1,3,OVERALL,35.1
2013,3,3866.0,0,0,OVERALL,39.5
2013,3,3807.0,0,1,OVERALL,23.8
2013,3,3777.0,2,4,OVERALL,51.9
2013,3,3724.0,2,5,OVERALL,22.0
2013,3,3758.0,2,6,OVERALL,34.0
2013,3,3830.0,2,7,OVERALL,31.0
2013,3,3910.0,2,8,OVERALL,25.2
2014,3,13849.0,1,2,OVERALL,28.9
2014,3,13849.0,1,3,OVERALL,35.1
2014,3,14829.0,2,8,OVERALL,21.2
2011,2,4527.0,1,2,OVERALL,30.9
2011,2,4527.0,1,3,OVERALL,33.9
2011,2,4391.0,0,0,OVERALL,47.5
2011,2,4284.0,0,1,OVERALL,28.6
2011,2,4268.0,2,4,OVERALL,45.7
2011,2,4220.0,2,5,OVERALL,16.7
2011,2,4239.0,2,6,OVERALL,27.8
2011,2,4397.0,2,7,OVERALL,24.7
2011,2,4449.0,2,8,OVERALL,30.9
2012,2,4943.0,1,2,OVERALL,34.5
2012,2,4943.0,1,3,OVERALL,34.2
2012,2,5174.0,2,8,OVERALL,31.5
2013,2,5023.0,1,2,OVERALL,34.6
2013,2,5023.0,1,3,OVERALL,35.3
2013,2,4794.0,0,0,OVERALL,50.5
2013,2,4673.0,0,1,OVERALL,28.0
2013,2,4871.0,2,8,OVERALL,34.4
2013,2,4663.0,2,4,OVERALL,41.2
2013,2,4599.0,2,5,OVERALL,13.8
2013,2,4642.0,2,6,OVERALL,25.6
2013,2,4774.0,2,7,OVERALL,22.3
2014,2,4886.0,1,2,OVERALL,35.9
2014,2,4886.0,1,3,OVERALL,34.7
2014,2,5250.0,2,8,OVERALL,30.7
2012,4,13646.0,1,2,OVERALL,25.0
2011,4,17088.0,1,2,OVERALL,23.8
2011,4,17088.0,1,3,OVERALL,36.4
2011,4,16387.0,0,0,OVERALL,30.4
2011,4,16191.0,0,1,OVERALL,16.5
2012,4,13671.0,2,8,OVERALL,19.2
2011,4,16661.0,2,5,OVERALL,23.7
2011,4,16716.0,2,6,OVERALL,36.1
2011,4,16777.0,2,7,OVERALL,32.1
2011,4,16927.0,2,8,OVERALL,19.1
2012,4,13646.0,1,3,OVERALL,35.3
2013,4,10669.0,1,2,OVERALL,24.1
2013,4,10669.0,1,3,OVERALL,36.0
2011,6,6588.0,2,8,OVERALL,25.5
2013,4,9746.0,0,0,OVERALL,30.4
2013,4,9651.0,0,1,OVERALL,17.3
2013,4,10004.0,2,5,OVERALL,24.1
2013,4,10048.0,2,6,OVERALL,36.0
2013,4,10080.0,2,7,OVERALL,33.2
2013,4,10190.0,2,8,OVERALL,21.4
2014,4,8025.0,1,2,OVERALL,24.7
2014,4,8025.0,1,3,OVERALL,35.0
2014,4,7822.0,2,8,OVERALL,21.7
2012,5,12239.0,2,8,OVERALL,17.0
2011,5,12976.0,1,2,OVERALL,20.7
2011,5,12976.0,1,3,OVERALL,35.4
2011,5,12494.0,0,0,OVERALL,35.7
2011,5,12314.0,0,1,OVERALL,19.1
2011,5,12800.0,2,8,OVERALL,16.5
2011,5,12223.0,2,5,OVERALL,27.3
2011,5,12262.0,2,6,OVERALL,40.7
2011,5,12651.0,2,7,OVERALL,35.6
2012,5,11643.0,1,2,OVERALL,20.5
2012,5,11643.0,1,3,OVERALL,35.2
2013,5,12920.0,1,2,OVERALL,21.3
2013,5,12920.0,1,3,OVERALL,35.1
2013,5,12168.0,0,0,OVERALL,35.7
2013,5,11978.0,0,1,OVERALL,19.1
2013,5,11941.0,2,5,OVERALL,26.7
2013,5,11962.0,2,6,OVERALL,38.5
2013,5,12248.0,2,7,OVERALL,35.9
2013,5,12370.0,2,8,OVERALL,17.9
2014,5,12567.0,1,2,OVERALL,21.3
2014,5,12567.0,1,3,OVERALL,36.1
2014,5,13383.0,2,8,OVERALL,16.4
2011,6,6457.0,1,2,OVERALL,24.5
2011,6,6457.0,1,3,OVERALL,35.2
2011,6,6519.0,0,0,OVERALL,32.0
2011,6,6420.0,0,1,OVERALL,20.6
2012,6,8312.0,1,2,OVERALL,25.6
2011,6,6303.0,2,5,OVERALL,21.8
2011,6,6340.0,2,6,OVERALL,32.8
2011,6,6485.0,2,7,OVERALL,30.6
2012,6,8312.0,1,3,OVERALL,36.7
2012,6,8760.0,2,8,OVERALL,22.1
2013,6,7309.0,1,2,OVERALL,25.0
2013,6,7309.0,1,3,OVERALL,37.6
2011,8,4530.0,1,2,OVERALL,28.8
2013,6,7073.0,0,0,OVERALL,33.7
2013,6,6954.0,0,1,OVERALL,22.2
2013,6,6902.0,2,4,OVERALL,50.9
2013,6,6824.0,2,5,OVERALL,20.8
2013,6,6874.0,2,6,OVERALL,31.1
2013,6,7007.0,2,7,OVERALL,30.0
2013,6,7121.0,2,8,OVERALL,24.9
2014,6,7237.0,1,2,OVERALL,26.3
2014,6,7237.0,1,3,OVERALL,34.1
2014,6,7943.0,2,8,OVERALL,20.6
2011,8,4530.0,1,3,OVERALL,35.0
2011,8,4625.0,0,0,OVERALL,39.2
2011,8,4592.0,0,1,OVERALL,23.8
2011,8,4511.0,2,4,OVERALL,48.5
2011,8,4441.0,2,5,OVERALL,21.5
2011,8,4459.0,2,6,OVERALL,28.3
2011,8,4646.0,2,7,OVERALL,32.3
2011,8,4728.0,2,8,OVERALL,27.0
2012,8,4944.0,1,2,OVERALL,26.9
2012,8,4944.0,1,3,OVERALL,39.1
2012,8,5172.0,2,8,OVERALL,23.5
2013,8,4893.0,1,2,OVERALL,31.1
2013,8,4893.0,1,3,OVERALL,33.5
2013,8,4828.0,0,0,OVERALL,40.4
2013,8,4741.0,0,1,OVERALL,28.9
2013,8,4751.0,2,4,OVERALL,49.7
2013,8,4715.0,2,5,OVERALL,21.2
2013,8,4723.0,2,6,OVERALL,31.1
2013,8,4877.0,2,7,OVERALL,31.8
2013,8,4926.0,2,8,OVERALL,27.8
2014,8,3983.0,1,2,OVERALL,30.7
2014,8,3983.0,1,3,OVERALL,36.8
2014,8,4293.0,2,8,OVERALL,24.9
2011,7,4368.0,1,2,OVERALL,23.7
2011,7,4368.0,1,3,OVERALL,29.1
2011,7,4285.0,0,0,OVERALL,31.7
2013,7,4705.0,1,3,OVERALL,30.9
2011,7,4236.0,0,1,OVERALL,20.1
2011,7,4117.0,2,5,OVERALL,26.3
2011,7,4152.0,2,6,OVERALL,34.4
2011,7,4276.0,2,7,OVERALL,36.1
2011,7,4356.0,2,8,OVERALL,19.8
2012,7,3644.0,1,2,OVERALL,21.9
2012,7,3644.0,1,3,OVERALL,30.0
2012,7,3817.0,2,8,OVERALL,17.4
2013,7,4705.0,1,2,OVERALL,22.9
2013,7,4377.0,0,0,OVERALL,34.8
2013,7,4283.0,0,1,OVERALL,20.9
2013,7,4198.0,2,5,OVERALL,25.6
2013,7,4208.0,2,6,OVERALL,35.3
2013,7,4358.0,2,7,OVERALL,35.1
2013,7,4429.0,2,8,OVERALL,19.5
2014,7,3787.0,1,2,OVERALL,21.7
2014,7,3787.0,1,3,OVERALL,33.2
2014,7,4059.0,2,8,OVERALL,20.8
2011,9,11770.0,1,2,OVERALL,26.6
2011,9,11770.0,1,3,OVERALL,36.7
2011,9,11418.0,0,0,OVERALL,37.7
2011,9,11219.0,0,1,OVERALL,22.6
2011,9,10962.0,2,5,OVERALL,21.4
2012,9,7282.0,1,2,OVERALL,25.2
2011,9,10998.0,2,6,OVERALL,33.7
2011,9,11377.0,2,7,OVERALL,29.2
2011,9,11564.0,2,8,OVERALL,26.9
2012,9,7282.0,1,3,OVERALL,36.9
2012,9,7613.0,2,8,OVERALL,23.3
2014,9,9156.0,1,2,OVERALL,26.2
2014,9,9156.0,1,3,OVERALL,36.0
2014,9,9796.0,2,8,OVERALL,23.7
2011,10,9353.0,1,2,OVERALL,28.0
2011,10,9353.0,1,3,OVERALL,34.7
2011,10,9466.0,2,8,OVERALL,26.7
2011,10,9175.0,0,0,OVERALL,41.9
2011,10,9073.0,0,1,OVERALL,23.2
2011,10,9107.0,2,4,OVERALL,50.7
2011,10,9330.0,2,7,OVERALL,30.2
2011,10,9008.0,2,5,OVERALL,20.7
2011,10,9037.0,2,6,OVERALL,31.8
2012,10,5737.0,1,2,OVERALL,29.1
2012,10,5737.0,1,3,OVERALL,35.5
2012,10,6091.0,2,8,OVERALL,23.6
2013,10,7606.0,1,2,OVERALL,30.3
2013,10,7606.0,1,3,OVERALL,35.4
2013,10,7236.0,0,0,OVERALL,43.2
2013,10,7097.0,0,1,OVERALL,23.7
2013,10,7119.0,2,4,OVERALL,50.8
2013,10,7053.0,2,5,OVERALL,21.5
2013,10,7080.0,2,6,OVERALL,31.2
2013,10,7277.0,2,7,OVERALL,30.7
2013,10,7381.0,2,8,OVERALL,27.2
2014,10,5844.0,1,2,OVERALL,30.5
2014,10,5844.0,1,3,OVERALL,35.2
2014,10,6347.0,2,8,OVERALL,23.6
2014,11,2352.0,1,2,OVERALL,28.0
2014,11,2352.0,1,3,OVERALL,35.4
2014,11,2518.0,2,8,OVERALL,27.7
2011,12,7407.0,1,2,OVERALL,21.8
2011,12,7407.0,1,3,OVERALL,33.8
2011,12,7301.0,0,0,OVERALL,39.5
2011,12,7201.0,0,1,OVERALL,22.6
2011,12,7215.0,2,5,OVERALL,23.7
2011,12,7236.0,2,6,OVERALL,38.1
2011,12,7321.0,2,7,OVERALL,32.1
2011,12,7382.0,2,8,OVERALL,21.3
2012,12,7371.0,1,2,OVERALL,23.6
2012,12,7371.0,1,3,OVERALL,32.5
2012,12,7580.0,2,8,OVERALL,18.7
2013,12,7609.0,1,2,OVERALL,21.8
2013,12,7609.0,1,3,OVERALL,33.6
2013,12,7359.0,0,0,OVERALL,39.2
2013,12,7241.0,0,1,OVERALL,23.1
2013,12,7222.0,2,5,OVERALL,26.5
2013,12,7241.0,2,6,OVERALL,39.5
2013,12,7304.0,2,7,OVERALL,35.0
2013,12,7368.0,2,8,OVERALL,22.1
2014,12,6905.0,1,2,OVERALL,22.1
2014,12,6905.0,1,3,OVERALL,36.0
2014,12,7245.0,2,8,OVERALL,19.6
2011,14,5739.0,1,2,OVERALL,27.0
2011,14,5739.0,1,3,OVERALL,35.2
2011,14,5705.0,0,0,OVERALL,38.1
2011,14,5611.0,0,1,OVERALL,20.1
2011,14,5499.0,2,5,OVERALL,22.4
2011,14,5702.0,2,7,OVERALL,30.3
2011,14,5520.0,2,6,OVERALL,35.9
2011,14,5784.0,2,8,OVERALL,21.4
2012,14,5578.0,1,2,OVERALL,26.8
2012,14,5578.0,1,3,OVERALL,35.8
2012,14,5889.0,2,8,OVERALL,20.3
2013,14,5315.0,1,2,OVERALL,29.6
2013,14,5315.0,1,3,OVERALL,35.4
2013,14,5225.0,0,0,OVERALL,38.5
2013,14,5132.0,0,1,OVERALL,20.4
2013,14,5028.0,2,5,OVERALL,20.4
2013,14,5051.0,2,6,OVERALL,33.6
2013,14,5194.0,2,7,OVERALL,30.1
2013,14,5260.0,2,8,OVERALL,23.7
2014,14,5125.0,1,2,OVERALL,28.9
2014,14,5125.0,1,3,OVERALL,36.8
2014,14,5468.0,2,8,OVERALL,18.7
2011,15,5355.0,1,2,OVERALL,27.1
2011,15,5355.0,1,3,OVERALL,36.9
2011,15,5303.0,0,0,OVERALL,36.0
2011,15,5272.0,0,1,OVERALL,25.2
2011,15,5233.0,2,4,OVERALL,51.7
2011,15,5207.0,2,5,OVERALL,22.0
2011,15,5214.0,2,6,OVERALL,31.2
2011,15,5257.0,2,7,OVERALL,31.4
2011,15,5292.0,2,8,OVERALL,25.1
2012,15,5452.0,1,2,OVERALL,28.1
2012,15,5452.0,1,3,OVERALL,35.8
2012,15,5578.0,2,8,OVERALL,21.8
2013,15,5490.0,1,2,OVERALL,29.4
2013,15,5490.0,1,3,OVERALL,35.3
2013,15,5347.0,0,0,OVERALL,36.7
2011,16,7913.0,0,0,OVERALL,41.6
2013,15,5291.0,0,1,OVERALL,24.0
2013,15,5234.0,2,4,OVERALL,52.4
2013,15,5201.0,2,5,OVERALL,21.3
2013,15,5219.0,2,6,OVERALL,32.7
2013,15,5255.0,2,7,OVERALL,30.2
2013,15,5305.0,2,8,OVERALL,25.1
2014,15,4835.0,1,2,OVERALL,29.3
2014,15,4835.0,1,3,OVERALL,34.5
2014,15,5050.0,2,8,OVERALL,23.9
2011,16,8048.0,1,2,OVERALL,30.8
2011,16,8048.0,1,3,OVERALL,34.8
2011,16,7778.0,0,1,OVERALL,27.3
2011,16,7640.0,2,4,OVERALL,46.0
2011,16,7553.0,2,5,OVERALL,17.3
2011,16,7579.0,2,6,OVERALL,27.5
2011,16,7897.0,2,7,OVERALL,26.0
2011,16,8004.0,2,8,OVERALL,29.2
2012,16,8225.0,1,2,OVERALL,31.4
2012,16,8225.0,1,3,OVERALL,34.1
2012,16,8628.0,2,8,OVERALL,25.9
2013,16,9770.0,1,2,OVERALL,31.8
2013,16,9770.0,1,3,OVERALL,35.4
2013,16,9433.0,0,0,OVERALL,43.6
2013,16,9250.0,0,1,OVERALL,26.9
2013,16,9177.0,2,4,OVERALL,44.0
2013,16,9082.0,2,5,OVERALL,16.2
2013,16,9080.0,2,6,OVERALL,26.2
2013,16,9454.0,2,7,OVERALL,25.6
2013,16,9584.0,2,8,OVERALL,31.0
2014,16,10773.0,1,2,OVERALL,32.7
2014,16,10773.0,1,3,OVERALL,33.7
2014,16,11510.0,2,8,OVERALL,26.1
2011,13,6898.0,1,2,OVERALL,29.0
2011,13,6898.0,1,3,OVERALL,35.8
2011,13,6937.0,0,0,OVERALL,39.8
2011,13,6798.0,0,1,OVERALL,26.9
2011,13,6863.0,2,4,OVERALL,47.6
2011,13,6813.0,2,5,OVERALL,17.2
2011,13,6832.0,2,6,OVERALL,26.9
2011,13,6978.0,2,7,OVERALL,27.5
2011,13,7036.0,2,8,OVERALL,25.9
2012,13,6769.0,1,2,OVERALL,30.4
2012,13,6769.0,1,3,OVERALL,34.3
2012,13,7160.0,2,8,OVERALL,23.1
2013,13,7672.0,1,2,OVERALL,31.3
2013,13,7607.0,0,0,OVERALL,39.3
2013,13,7672.0,1,3,OVERALL,35.7
2013,13,7456.0,0,1,OVERALL,26.8
2013,13,7473.0,2,4,OVERALL,46.9
2013,13,7419.0,2,5,OVERALL,17.9
2013,13,7407.0,2,6,OVERALL,27.2
2013,13,7594.0,2,7,OVERALL,27.2
2013,13,7678.0,2,8,OVERALL,28.5
2014,13,7572.0,1,2,OVERALL,30.9
2014,13,7572.0,1,3,OVERALL,36.0
2014,13,8121.0,2,8,OVERALL,22.6
2012,17,11238.0,1,2,OVERALL,29.8
2012,17,11238.0,1,3,OVERALL,35.7
2012,17,11793.0,2,8,OVERALL,22.9
2014,17,12825.0,1,2,OVERALL,31.3
2014,17,12825.0,1,3,OVERALL,34.7
2014,17,13727.0,2,8,OVERALL,23.8
2011,18,10114.0,1,2,OVERALL,30.4
2011,18,10114.0,1,3,OVERALL,36.1
2011,18,9829.0,0,0,OVERALL,45.9
2011,18,9660.0,0,1,OVERALL,25.2
2011,18,9595.0,2,4,OVERALL,46.8
2011,18,9519.0,2,5,OVERALL,17.3
2011,18,9487.0,2,6,OVERALL,29.3
2011,18,10006.0,2,7,OVERALL,26.3
2011,18,10097.0,2,8,OVERALL,29.3
2012,18,10570.0,1,2,OVERALL,31.3
2012,18,10570.0,1,3,OVERALL,35.6
2012,18,11201.0,2,8,OVERALL,29.7
2013,18,10325.0,1,2,OVERALL,33.2
2013,18,10325.0,1,3,OVERALL,34.1
2013,18,10002.0,0,0,OVERALL,46.2
2013,18,9819.0,0,1,OVERALL,24.9
2013,18,9820.0,2,4,OVERALL,46.0
2013,18,9736.0,2,5,OVERALL,16.6
2014,18,11189.0,2,8,OVERALL,28.2
2013,18,9776.0,2,6,OVERALL,28.5
2013,18,10037.0,2,7,OVERALL,25.8
2013,18,10156.0,2,8,OVERALL,30.2
2014,18,10442.0,1,2,OVERALL,31.6
2014,18,10442.0,1,3,OVERALL,35.1
2011,19,10404.0,1,2,OVERALL,33.4
2011,19,10404.0,1,3,OVERALL,34.1
2011,19,10192.0,0,0,OVERALL,46.7
2011,19,9940.0,0,1,OVERALL,32.5
2011,19,10121.0,2,4,OVERALL,42.0
2011,19,10028.0,2,5,OVERALL,15.5
2011,19,10047.0,2,6,OVERALL,25.9
2011,19,10475.0,2,7,OVERALL,23.9
2011,19,10608.0,2,8,OVERALL,33.8
2012,19,8656.0,1,2,OVERALL,34.7
2012,19,8656.0,1,3,OVERALL,34.9
2012,19,9062.0,2,8,OVERALL,29.9
2013,19,5014.0,1,2,OVERALL,33.1
2013,19,5014.0,1,3,OVERALL,34.3
2013,19,4770.0,0,0,OVERALL,47.5
2013,19,4632.0,0,1,OVERALL,32.7
2013,19,4784.0,2,4,OVERALL,45.1
2013,19,4718.0,2,5,OVERALL,17.2
2013,19,4741.0,2,6,OVERALL,27.6
2013,19,4944.0,2,7,OVERALL,25.9
2013,19,5026.0,2,8,OVERALL,32.2
2014,19,6366.0,1,2,OVERALL,34.9
2014,19,6366.0,1,3,OVERALL,34.1
2014,19,6772.0,2,8,OVERALL,29.5
2011,22,12643.0,1,2,OVERALL,27.8
2011,22,12643.0,1,3,OVERALL,37.2
2011,22,12630.0,0,0,OVERALL,33.2
2011,22,12514.0,0,1,OVERALL,18.9
2011,22,12234.0,2,5,OVERALL,20.6
2011,22,12248.0,2,6,OVERALL,35.6
2011,22,12648.0,2,7,OVERALL,27.5
2011,22,12799.0,2,8,OVERALL,23.0
2012,22,9512.0,1,2,OVERALL,28.3
2012,22,9512.0,1,3,OVERALL,35.8
2012,22,9905.0,2,8,OVERALL,20.9
2013,22,7791.0,1,2,OVERALL,28.9
2013,22,7791.0,1,3,OVERALL,36.0
2013,22,7645.0,0,0,OVERALL,34.0
2013,22,7537.0,0,1,OVERALL,17.7
2013,22,7383.0,2,5,OVERALL,20.5
2013,22,7384.0,2,6,OVERALL,35.5
2013,22,7650.0,2,7,OVERALL,29.6
2013,22,7724.0,2,8,OVERALL,23.3
2014,22,8705.0,1,2,OVERALL,28.2
2014,22,8705.0,1,3,OVERALL,36.3
2014,22,9118.0,2,8,OVERALL,19.7
2011,21,9450.0,1,2,OVERALL,28.3
2011,21,9450.0,1,3,OVERALL,36.1
2011,21,9461.0,0,0,OVERALL,36.4
2011,21,9291.0,0,1,OVERALL,22.8
2011,21,9307.0,2,4,OVERALL,48.7
2011,21,9239.0,2,5,OVERALL,19.8
2011,21,9251.0,2,6,OVERALL,28.8
2011,21,9604.0,2,7,OVERALL,30.2
2011,21,9684.0,2,8,OVERALL,26.2
2012,21,11947.0,1,2,OVERALL,27.6
2012,21,11947.0,1,3,OVERALL,36.2
2012,21,12798.0,2,8,OVERALL,23.1
2013,21,12169.0,1,2,OVERALL,28.3
2013,21,12169.0,1,3,OVERALL,35.9
2013,21,11909.0,0,0,OVERALL,35.9
2013,21,11646.0,0,1,OVERALL,22.0
2013,21,11194.0,2,4,OVERALL,48.6
2013,21,11115.0,2,5,OVERALL,21.6
2013,21,11087.0,2,6,OVERALL,28.3
2013,21,12146.0,2,7,OVERALL,32.0
2013,21,12261.0,2,8,OVERALL,25.3
2014,21,11713.0,1,2,OVERALL,29.6
2014,21,11713.0,1,3,OVERALL,35.3
2014,21,12556.0,2,8,OVERALL,21.4
2011,23,10772.0,2,8,OVERALL,23.6
2013,20,13883.0,1,2,OVERALL,23.6
2013,20,13883.0,1,3,OVERALL,34.4
2013,20,13492.0,0,0,OVERALL,32.8
2013,20,13236.0,0,1,OVERALL,20.1
2013,20,13034.0,2,5,OVERALL,23.5
2013,20,13067.0,2,6,OVERALL,35.0
2013,20,13340.0,2,7,OVERALL,32.6
2013,20,13532.0,2,8,OVERALL,23.5
2014,20,14394.0,1,2,OVERALL,23.3
2014,20,14394.0,1,3,OVERALL,35.6
2014,20,15632.0,2,8,OVERALL,20.1
2011,23,10579.0,1,2,OVERALL,31.3
2011,23,10579.0,1,3,OVERALL,34.2
2011,23,10589.0,0,0,OVERALL,37.3
2011,23,10480.0,0,1,OVERALL,23.2
2011,23,10375.0,2,5,OVERALL,19.7
2011,23,10384.0,2,6,OVERALL,33.6
2011,23,10670.0,2,7,OVERALL,28.8
2012,23,10052.0,1,2,OVERALL,31.1
2012,23,10052.0,1,3,OVERALL,34.6
2012,23,10490.0,2,8,OVERALL,23.3
2013,23,12177.0,1,2,OVERALL,31.5
2013,23,12177.0,1,3,OVERALL,34.7
2013,23,12047.0,0,0,OVERALL,37.7
2013,23,11869.0,0,1,OVERALL,24.8
2013,23,11732.0,2,5,OVERALL,19.5
2013,23,11754.0,2,6,OVERALL,33.9
2013,23,12068.0,2,7,OVERALL,28.8
2013,23,12214.0,2,8,OVERALL,24.4
2014,23,8024.0,1,2,OVERALL,30.7
2014,23,8024.0,1,3,OVERALL,34.9
2014,23,8455.0,2,8,OVERALL,25.5
2011,24,14387.0,1,2,OVERALL,25.7
2011,24,14387.0,1,3,OVERALL,36.8
2011,24,14391.0,0,0,OVERALL,36.2
2011,24,14219.0,0,1,OVERALL,23.6
2011,24,14017.0,2,5,OVERALL,20.9
2011,24,14091.0,2,6,OVERALL,33.7
2011,24,14443.0,2,7,OVERALL,29.6
2011,24,14639.0,2,8,OVERALL,21.9
2013,24,13450.0,1,2,OVERALL,25.5
2012,24,11429.0,1,2,OVERALL,25.7
2012,24,11429.0,1,3,OVERALL,37.3
2012,24,12226.0,2,8,OVERALL,17.6
2013,24,13450.0,1,3,OVERALL,35.6
2013,24,13187.0,0,0,OVERALL,38.2
2013,24,12985.0,0,1,OVERALL,23.6
2013,24,12782.0,2,5,OVERALL,21.2
2013,24,12816.0,2,6,OVERALL,30.6
2013,26,7032.0,1,2,OVERALL,35.1
2013,24,13168.0,2,7,OVERALL,31.2
2013,24,13323.0,2,8,OVERALL,23.5
2014,24,15309.0,1,2,OVERALL,27.6
2014,24,15309.0,1,3,OVERALL,36.5
2014,24,16395.0,2,8,OVERALL,20.2
2011,26,8504.0,1,2,OVERALL,34.9
2011,26,8504.0,1,3,OVERALL,34.0
2011,26,8303.0,0,0,OVERALL,50.8
2011,26,8192.0,0,1,OVERALL,32.3
2011,26,8188.0,2,4,OVERALL,40.0
2011,26,8153.0,2,5,OVERALL,14.2
2011,26,8152.0,2,6,OVERALL,23.7
2011,26,8485.0,2,7,OVERALL,23.9
2011,26,8540.0,2,8,OVERALL,36.0
2012,26,7429.0,1,2,OVERALL,34.6
2012,26,7429.0,1,3,OVERALL,34.3
2012,26,7781.0,2,8,OVERALL,30.8
2013,26,7032.0,1,3,OVERALL,34.2
2013,26,6785.0,0,0,OVERALL,49.9
2013,26,6644.0,0,1,OVERALL,30.6
2011,25,6095.0,1,2,OVERALL,30.3
2013,26,6711.0,2,4,OVERALL,37.4
2013,26,6665.0,2,5,OVERALL,14.9
2013,26,6675.0,2,6,OVERALL,22.1
2013,26,6941.0,2,7,OVERALL,24.3
2013,26,7009.0,2,8,OVERALL,38.1
2014,26,3975.0,1,2,OVERALL,35.5
2014,26,3975.0,1,3,OVERALL,35.2
2014,26,4203.0,2,8,OVERALL,31.6
2011,25,6095.0,1,3,OVERALL,34.6
2011,25,5997.0,0,0,OVERALL,43.9
2011,25,5919.0,0,1,OVERALL,25.2
2011,25,5664.0,2,4,OVERALL,49.5
2011,25,5617.0,2,5,OVERALL,17.3
2011,25,5491.0,2,6,OVERALL,30.5
2011,25,6070.0,2,7,OVERALL,24.7
2011,25,6134.0,2,8,OVERALL,28.4
2012,25,6446.0,1,2,OVERALL,29.6
2012,25,6446.0,1,3,OVERALL,36.2
2012,25,6751.0,2,8,OVERALL,24.7
2013,25,6783.0,1,2,OVERALL,30.4
2013,25,6783.0,1,3,OVERALL,35.1
2013,25,6635.0,0,0,OVERALL,43.1
2013,25,6527.0,0,1,OVERALL,24.3
2014,25,6695.0,1,2,OVERALL,30.2
2013,25,6587.0,2,4,OVERALL,48.6
2013,25,6735.0,2,7,OVERALL,26.4
2013,25,6542.0,2,5,OVERALL,17.4
2013,25,6553.0,2,6,OVERALL,30.6
2014,25,7076.0,2,8,OVERALL,25.0
2013,25,6793.0,2,8,OVERALL,28.3
2014,25,6695.0,1,3,OVERALL,35.4
2011,27,9882.0,1,2,OVERALL,24.6
2011,27,9882.0,1,3,OVERALL,35.6
2011,27,9652.0,0,0,OVERALL,39.2
2011,27,9569.0,0,1,OVERALL,21.7
2011,27,9464.0,2,5,OVERALL,21.8
2011,27,9487.0,2,6,OVERALL,36.0
2011,27,9724.0,2,7,OVERALL,30.2
2011,27,9839.0,2,8,OVERALL,24.4
2012,27,8357.0,1,2,OVERALL,24.3
2012,27,8357.0,1,3,OVERALL,37.0
2012,27,8669.0,2,8,OVERALL,20.5
2013,27,9323.0,1,2,OVERALL,24.6
2013,27,9323.0,1,3,OVERALL,36.8
2013,27,9062.0,0,0,OVERALL,38.6
2013,27,8957.0,0,1,OVERALL,20.5
2013,27,8905.0,2,5,OVERALL,23.3
2013,27,8911.0,2,6,OVERALL,38.8
2013,27,9116.0,2,7,OVERALL,31.8
2013,27,9218.0,2,8,OVERALL,22.5
2014,27,7064.0,1,2,OVERALL,26.4
2014,27,7064.0,1,3,OVERALL,36.6
2014,27,7493.0,2,8,OVERALL,19.6
2013,30,16250.0,1,2,OVERALL,29.6
2013,30,16250.0,1,3,OVERALL,35.9
2013,30,15949.0,0,0,OVERALL,39.7
2013,30,15700.0,0,1,OVERALL,23.3
2013,30,15730.0,2,4,OVERALL,50.1
2013,30,15635.0,2,5,OVERALL,18.8
2013,30,15630.0,2,6,OVERALL,30.8
2013,30,16021.0,2,7,OVERALL,28.4
2013,30,16158.0,2,8,OVERALL,25.3
2011,34,5205.0,1,2,OVERALL,24.5
2011,34,5205.0,1,3,OVERALL,35.7
2011,34,5056.0,0,0,OVERALL,36.9
2011,34,4955.0,0,1,OVERALL,24.4
2011,34,4787.0,2,5,OVERALL,21.3
2011,34,4805.0,2,6,OVERALL,33.8
2011,34,5006.0,2,7,OVERALL,30.1
2011,34,5100.0,2,8,OVERALL,24.3
2012,34,4592.0,1,2,OVERALL,26.2
2012,34,4592.0,1,3,OVERALL,36.3
2012,34,4837.0,2,8,OVERALL,21.3
2013,34,4871.0,1,2,OVERALL,26.2
2013,34,4871.0,1,3,OVERALL,38.6
2013,34,4720.0,0,0,OVERALL,35.6
2013,34,4636.0,0,1,OVERALL,20.8
2013,34,4595.0,2,5,OVERALL,23.9
2013,34,4735.0,2,7,OVERALL,32.8
2013,34,4616.0,2,6,OVERALL,33.5
2013,34,4799.0,2,8,OVERALL,23.7
2014,34,3555.0,1,2,OVERALL,27.7
2014,34,3555.0,1,3,OVERALL,35.8
2014,34,3754.0,2,8,OVERALL,22.5
2011,31,6049.0,1,2,OVERALL,26.2
2011,31,6049.0,1,3,OVERALL,35.4
2011,31,6061.0,0,0,OVERALL,30.3
2011,31,6006.0,0,1,OVERALL,17.6
2011,31,5875.0,2,5,OVERALL,22.3
2011,31,5929.0,2,6,OVERALL,34.3
2011,31,6071.0,2,7,OVERALL,30.4
2011,31,6168.0,2,8,OVERALL,22.5
2012,31,7182.0,1,2,OVERALL,27.3
2012,31,7182.0,1,3,OVERALL,34.9
2013,31,6010.0,2,8,OVERALL,22.4
2012,31,7508.0,2,8,OVERALL,20.0
2013,31,6141.0,1,2,OVERALL,26.7
2013,31,6141.0,1,3,OVERALL,35.0
2013,31,5968.0,0,0,OVERALL,33.8
2013,31,5862.0,0,1,OVERALL,16.8
2013,31,5690.0,2,5,OVERALL,22.7
2013,31,5728.0,2,6,OVERALL,34.8
2013,31,5905.0,2,7,OVERALL,32.6
2014,31,5730.0,1,2,OVERALL,27.4
2014,31,5730.0,1,3,OVERALL,36.2
2014,31,6174.0,2,8,OVERALL,19.3
2011,32,14130.0,1,2,OVERALL,23.7
2011,32,14130.0,1,3,OVERALL,37.8
2011,32,13825.0,0,0,OVERALL,33.9
2011,32,13598.0,0,1,OVERALL,22.2
2011,32,13464.0,2,5,OVERALL,23.1
2011,32,13528.0,2,6,OVERALL,33.1
2011,32,13971.0,2,7,OVERALL,31.7
2011,32,14194.0,2,8,OVERALL,26.4
2012,32,14477.0,1,2,OVERALL,24.6
2012,32,14477.0,1,3,OVERALL,36.9
2012,32,15732.0,2,8,OVERALL,24.9
2013,32,12256.0,1,2,OVERALL,26.3
2013,32,12256.0,1,3,OVERALL,36.5
2013,32,11889.0,0,0,OVERALL,35.3
2013,32,11615.0,0,1,OVERALL,21.4
2013,32,11606.0,2,4,OVERALL,50.5
2013,32,11509.0,2,5,OVERALL,21.6
2013,32,11551.0,2,6,OVERALL,32.2
2013,32,11905.0,2,7,OVERALL,32.0
2013,32,12049.0,2,8,OVERALL,26.8
2014,32,11955.0,1,2,OVERALL,26.9
2014,32,11955.0,1,3,OVERALL,36.3
2014,32,13025.0,2,8,OVERALL,23.3
2011,33,8981.0,1,2,OVERALL,26.3
2011,33,8981.0,1,3,OVERALL,35.8
2011,33,8744.0,0,0,OVERALL,38.0
2011,33,8618.0,0,1,OVERALL,21.9
2013,33,8512.0,2,8,OVERALL,24.3
2011,33,8657.0,2,4,OVERALL,52.2
2011,33,8582.0,2,5,OVERALL,22.3
2011,33,8628.0,2,6,OVERALL,33.1
2011,33,8761.0,2,7,OVERALL,31.5
2011,33,8864.0,2,8,OVERALL,25.3
2012,33,8385.0,1,2,OVERALL,27.1
2012,33,8385.0,1,3,OVERALL,35.7
2012,33,8773.0,2,8,OVERALL,21.8
2011,35,7276.0,2,8,OVERALL,26.3
2013,33,8914.0,1,2,OVERALL,26.4
2013,33,8914.0,1,3,OVERALL,36.3
2013,33,8448.0,0,0,OVERALL,39.2
2013,33,8228.0,0,1,OVERALL,21.5
2013,33,8200.0,2,5,OVERALL,23.1
2013,33,8232.0,2,6,OVERALL,34.8
2013,33,8402.0,2,7,OVERALL,32.0
2014,33,8284.0,1,2,OVERALL,28.4
2014,33,8284.0,1,3,OVERALL,36.4
2014,33,8927.0,2,8,OVERALL,23.3
2011,35,7222.0,1,2,OVERALL,24.5
2011,35,7222.0,1,3,OVERALL,35.8
2011,35,7165.0,0,0,OVERALL,33.9
2011,35,7059.0,0,1,OVERALL,23.0
2011,35,6924.0,2,4,OVERALL,51.5
2011,35,6835.0,2,5,OVERALL,21.5
2011,35,6876.0,2,6,OVERALL,32.0
2011,35,7164.0,2,7,OVERALL,30.1
2012,35,5700.0,1,2,OVERALL,23.6
2012,35,5700.0,1,3,OVERALL,37.0
2012,35,6045.0,2,8,OVERALL,24.7
2013,35,8465.0,1,2,OVERALL,25.4
2013,35,8465.0,1,3,OVERALL,35.9
2013,35,8116.0,0,0,OVERALL,34.5
2013,35,7947.0,0,1,OVERALL,22.0
2013,35,7758.0,2,4,OVERALL,47.3
2013,35,7658.0,2,5,OVERALL,19.4
2013,35,7681.0,2,6,OVERALL,29.1
2013,35,8023.0,2,7,OVERALL,30.1
2013,35,8164.0,2,8,OVERALL,26.7
2014,35,6325.0,1,2,OVERALL,27.0
2014,35,6325.0,1,3,OVERALL,34.1
2014,35,6845.0,2,8,OVERALL,25.9
2011,28,10790.0,1,2,OVERALL,29.1
2011,28,10790.0,1,3,OVERALL,36.0
2011,28,10774.0,0,0,OVERALL,40.8
2011,28,10545.0,0,1,OVERALL,21.9
2011,28,10651.0,2,4,OVERALL,46.8
2011,28,10547.0,2,5,OVERALL,18.3
2011,28,10577.0,2,6,OVERALL,28.2
2011,28,10979.0,2,7,OVERALL,27.7
2011,28,11130.0,2,8,OVERALL,26.7
2012,28,11113.0,1,2,OVERALL,29.6
2012,28,11113.0,1,3,OVERALL,36.2
2012,28,11889.0,2,8,OVERALL,24.9
2013,28,8292.0,1,2,OVERALL,29.4
2013,28,8292.0,1,3,OVERALL,36.7
2013,28,8139.0,0,0,OVERALL,42.3
2013,28,7975.0,0,1,OVERALL,22.4
2013,28,8073.0,2,4,OVERALL,48.6
2013,28,8008.0,2,5,OVERALL,19.1
2014,28,6621.0,1,2,OVERALL,29.7
2013,28,8024.0,2,6,OVERALL,29.1
2013,28,8305.0,2,7,OVERALL,27.9
2013,28,8401.0,2,8,OVERALL,26.6
2014,28,6621.0,1,3,OVERALL,35.9
2014,28,7281.0,2,8,OVERALL,23.2
2011,29,4982.0,1,2,OVERALL,27.8
2011,29,4982.0,1,3,OVERALL,36.0
2011,29,4958.0,0,0,OVERALL,39.1
2011,29,4892.0,0,1,OVERALL,27.1
2011,29,4841.0,2,4,OVERALL,47.3
2011,29,4788.0,2,5,OVERALL,18.0
2011,29,4802.0,2,6,OVERALL,26.1
2011,29,4974.0,2,7,OVERALL,27.4
2011,29,5042.0,2,8,OVERALL,27.1
2012,29,4625.0,1,2,OVERALL,29.7
2012,29,4625.0,1,3,OVERALL,36.6
2012,29,4873.0,2,8,OVERALL,23.8
2013,29,7413.0,1,2,OVERALL,31.0
2013,29,7413.0,1,3,OVERALL,36.6
2013,29,7249.0,0,0,OVERALL,40.3
2013,29,7141.0,0,1,OVERALL,27.4
2013,29,7100.0,2,4,OVERALL,45.3
2013,29,7031.0,2,5,OVERALL,16.4
2013,29,7066.0,2,6,OVERALL,25.9
2013,29,7288.0,2,7,OVERALL,27.0
2013,29,7380.0,2,8,OVERALL,27.6
2014,29,7269.0,1,2,OVERALL,32.2
2014,29,7269.0,1,3,OVERALL,36.6
2014,29,7764.0,2,8,OVERALL,21.3
2011,36,9339.0,1,2,OVERALL,29.6
2011,36,9339.0,1,3,OVERALL,36.2
2011,36,9245.0,0,0,OVERALL,40.5
2011,36,9089.0,0,1,OVERALL,26.0
2011,36,9031.0,2,4,OVERALL,51.6
2011,36,8913.0,2,5,OVERALL,21.4
2011,36,8942.0,2,6,OVERALL,32.9
2011,36,9331.0,2,7,OVERALL,30.4
2011,36,9472.0,2,8,OVERALL,27.0
2012,36,12319.0,1,2,OVERALL,30.1
2012,36,12319.0,1,3,OVERALL,35.2
2012,36,12996.0,2,8,OVERALL,25.3
2013,36,11260.0,1,2,OVERALL,30.4
2013,36,11260.0,1,3,OVERALL,34.7
2013,36,10934.0,0,0,OVERALL,41.6
2013,36,10734.0,0,1,OVERALL,26.3
2013,36,10746.0,2,4,OVERALL,49.5
2013,36,10964.0,2,7,OVERALL,28.3
2013,36,10615.0,2,5,OVERALL,19.0
2013,36,10686.0,2,6,OVERALL,31.6
2013,36,11117.0,2,8,OVERALL,28.5
2014,36,10313.0,1,2,OVERALL,32.6
2014,36,10313.0,1,3,OVERALL,34.1
2014,36,10904.0,2,8,OVERALL,25.0
2011,37,8159.0,1,2,OVERALL,31.1
2011,37,8159.0,1,3,OVERALL,34.3
2011,37,8068.0,0,0,OVERALL,50.2
2011,37,8015.0,0,1,OVERALL,26.8
2011,37,8125.0,2,4,OVERALL,44.8
2011,37,8089.0,2,5,OVERALL,16.2
2011,37,8236.0,2,7,OVERALL,23.8
2011,37,8099.0,2,6,OVERALL,27.1
2011,37,8283.0,2,8,OVERALL,31.2
2012,37,7719.0,1,2,OVERALL,32.2
2012,37,7719.0,1,3,OVERALL,35.6
2012,37,8014.0,2,8,OVERALL,28.3
2013,37,7875.0,1,2,OVERALL,32.5
2013,37,7875.0,1,3,OVERALL,35.4
2013,37,7667.0,0,0,OVERALL,50.4
2013,37,7532.0,0,1,OVERALL,25.3
2013,37,7625.0,2,4,OVERALL,43.9
2013,37,7579.0,2,5,OVERALL,15.8
2013,37,7582.0,2,6,OVERALL,27.4
2013,37,7764.0,2,7,OVERALL,24.3
2013,37,7831.0,2,8,OVERALL,33.0
2014,37,8009.0,1,2,OVERALL,33.0
2014,37,8009.0,1,3,OVERALL,35.2
2014,37,8444.0,2,8,OVERALL,28.3
2011,38,5959.0,1,2,OVERALL,26.7
2011,38,5959.0,1,3,OVERALL,34.8
2011,38,5843.0,0,0,OVERALL,32.0
2011,38,5707.0,0,1,OVERALL,15.3
2011,38,5513.0,2,5,OVERALL,23.4
2011,38,5501.0,2,6,OVERALL,40.7
2011,38,5797.0,2,7,OVERALL,30.9
2011,38,5899.0,2,8,OVERALL,19.8
2012,38,5056.0,1,2,OVERALL,27.3
2012,38,5056.0,1,3,OVERALL,33.8
2012,38,5292.0,2,8,OVERALL,16.3
2013,38,5668.0,1,2,OVERALL,26.5
2013,38,5668.0,1,3,OVERALL,33.4
2013,38,5365.0,0,0,OVERALL,33.4
2013,38,5239.0,0,1,OVERALL,16.3
2013,38,5109.0,2,5,OVERALL,24.8
2013,38,5124.0,2,6,OVERALL,42.8
2013,38,5302.0,2,7,OVERALL,31.6
2013,38,5407.0,2,8,OVERALL,18.5
2014,38,4919.0,1,2,OVERALL,27.9
2014,38,4919.0,1,3,OVERALL,33.8
2014,38,5214.0,2,8,OVERALL,16.5
2011,39,10850.0,1,2,OVERALL,28.6
2011,39,10850.0,1,3,OVERALL,36.0
2011,39,10722.0,0,0,OVERALL,36.1
2011,39,10542.0,0,1,OVERALL,23.9
2011,39,10401.0,2,4,OVERALL,49.4
2011,39,10282.0,2,5,OVERALL,18.8
2011,39,10317.0,2,6,OVERALL,29.9
2011,39,10700.0,2,7,OVERALL,27.8
2011,39,10879.0,2,8,OVERALL,26.2
2013,39,10857.0,1,2,OVERALL,30.0
2013,39,10857.0,1,3,OVERALL,34.5
2013,39,10431.0,0,0,OVERALL,37.5
2013,39,10564.0,2,8,OVERALL,26.3
2013,39,10230.0,0,1,OVERALL,24.7
2013,39,10110.0,2,4,OVERALL,47.8
2013,39,9988.0,2,5,OVERALL,18.5
2013,39,10014.0,2,6,OVERALL,29.3
2013,39,10407.0,2,7,OVERALL,29.1
2014,39,10374.0,1,2,OVERALL,30.2
2014,39,10374.0,1,3,OVERALL,33.9
2014,39,10977.0,2,8,OVERALL,23.3
2013,40,5762.0,1,2,OVERALL,27.9
2013,40,5762.0,1,3,OVERALL,38.7
2014,40,5743.0,1,2,OVERALL,28.3
2014,40,5743.0,1,3,OVERALL,37.6
2014,40,5988.0,2,8,OVERALL,40.6
2011,41,6182.0,1,2,OVERALL,25.4
2011,41,6182.0,1,3,OVERALL,37.1
2011,41,6210.0,0,0,OVERALL,32.9
2011,41,6125.0,0,1,OVERALL,20.7
2011,41,6065.0,2,4,OVERALL,48.7
2011,41,6001.0,2,5,OVERALL,19.5
2011,41,6042.0,2,6,OVERALL,29.1
2011,41,6190.0,2,7,OVERALL,28.5
2011,41,6283.0,2,8,OVERALL,26.2
2012,41,5188.0,1,2,OVERALL,25.7
2012,41,5188.0,1,3,OVERALL,37.2
2012,41,5465.0,2,8,OVERALL,23.6
2013,41,6191.0,1,2,OVERALL,27.3
2013,41,6191.0,1,3,OVERALL,37.3
2013,41,5903.0,0,0,OVERALL,35.3
2013,41,5737.0,0,1,OVERALL,21.4
2013,41,5689.0,2,4,OVERALL,49.1
2013,41,5602.0,2,5,OVERALL,19.6
2013,41,5651.0,2,6,OVERALL,30.2
2013,41,5795.0,2,7,OVERALL,29.5
2013,41,5922.0,2,8,OVERALL,26.9
2014,41,5969.0,1,2,OVERALL,27.0
2014,41,5969.0,1,3,OVERALL,35.5
2014,41,6436.0,2,8,OVERALL,22.5
2011,42,12352.0,1,2,OVERALL,30.8
2011,42,12352.0,1,3,OVERALL,35.0
2011,42,11940.0,0,0,OVERALL,44.4
2011,42,11794.0,0,1,OVERALL,27.3
2011,42,11820.0,2,4,OVERALL,50.0
2011,42,11691.0,2,5,OVERALL,18.5
2011,42,11752.0,2,6,OVERALL,30.6
2011,42,12181.0,2,7,OVERALL,27.6
2011,42,12365.0,2,8,OVERALL,27.2
2012,42,12210.0,1,2,OVERALL,31.6
2012,42,12210.0,1,3,OVERALL,34.5
2012,42,12777.0,2,8,OVERALL,25.1
2013,42,10227.0,1,2,OVERALL,31.7
2013,42,10227.0,1,3,OVERALL,34.7
2013,42,9859.0,0,0,OVERALL,45.2
2013,42,9645.0,0,1,OVERALL,26.8
2013,42,9637.0,2,4,OVERALL,49.1
2013,42,9545.0,2,5,OVERALL,18.6
2013,42,9577.0,2,6,OVERALL,30.4
2013,42,9943.0,2,7,OVERALL,27.0
2013,42,10067.0,2,8,OVERALL,26.9
2014,42,10393.0,1,2,OVERALL,32.1
2014,42,10393.0,1,3,OVERALL,35.0
2014,42,11009.0,2,8,OVERALL,25.3
2011,43,7820.0,1,2,OVERALL,28.1
2011,43,7820.0,1,3,OVERALL,36.3
2011,43,7893.0,0,0,OVERALL,39.6
2011,43,7737.0,0,1,OVERALL,26.3
2011,43,7839.0,2,4,OVERALL,46.1
2011,43,7796.0,2,5,OVERALL,16.0
2011,43,7807.0,2,6,OVERALL,25.3
2011,43,8000.0,2,7,OVERALL,26.1
2011,43,8045.0,2,8,OVERALL,27.0
2012,43,7433.0,1,2,OVERALL,28.1
2012,43,7433.0,1,3,OVERALL,37.9
2012,43,7874.0,2,8,OVERALL,22.5
2014,43,6960.0,1,2,OVERALL,29.8
2013,43,6531.0,1,2,OVERALL,29.9
2013,43,6531.0,1,3,OVERALL,37.1
2013,43,6524.0,0,0,OVERALL,39.3
2013,43,6409.0,0,1,OVERALL,24.5
2013,43,6388.0,2,5,OVERALL,18.4
2013,43,6503.0,2,7,OVERALL,27.7
2013,43,6397.0,2,6,OVERALL,35.4
2013,43,6553.0,2,8,OVERALL,23.8
2014,43,6960.0,1,3,OVERALL,35.4
2014,43,7399.0,2,8,OVERALL,21.2
2011,44,5575.0,1,2,OVERALL,29.2
2011,44,5575.0,1,3,OVERALL,37.3
2011,44,5367.0,0,0,OVERALL,46.3
2011,44,5221.0,0,1,OVERALL,25.4
2011,44,5266.0,2,4,OVERALL,39.0
2011,44,5153.0,2,5,OVERALL,12.7
2011,44,5209.0,2,6,OVERALL,22.7
2011,44,5469.0,2,7,OVERALL,20.6
2011,44,5606.0,2,8,OVERALL,35.1
2012,44,6613.0,1,2,OVERALL,31.1
2012,44,6613.0,1,3,OVERALL,34.2
2012,44,7048.0,2,8,OVERALL,28.6
2013,44,5452.0,1,2,OVERALL,33.7
2013,44,5452.0,1,3,OVERALL,34.7
2013,44,5046.0,0,0,OVERALL,44.8
2011,45,14225.0,2,8,OVERALL,27.2
2013,44,4895.0,0,1,OVERALL,24.3
2013,44,5002.0,2,4,OVERALL,37.7
2013,44,4959.0,2,5,OVERALL,12.2
2013,44,4977.0,2,6,OVERALL,20.6
2013,44,5146.0,2,7,OVERALL,19.6
2013,44,5196.0,2,8,OVERALL,37.2
2014,44,4793.0,1,2,OVERALL,31.2
2014,44,4793.0,1,3,OVERALL,35.9
2014,44,5139.0,2,8,OVERALL,26.8
2011,45,14024.0,1,2,OVERALL,30.4
2011,45,14024.0,1,3,OVERALL,35.4
2011,45,14026.0,0,0,OVERALL,40.3
2011,45,13796.0,0,1,OVERALL,21.8
2011,45,13692.0,2,4,OVERALL,48.2
2011,45,13548.0,2,5,OVERALL,19.0
2011,45,13599.0,2,6,OVERALL,27.6
2011,45,14043.0,2,7,OVERALL,28.3
2012,45,8530.0,1,2,OVERALL,29.2
2012,45,8530.0,1,3,OVERALL,35.9
2012,45,9113.0,2,8,OVERALL,27.2
2013,45,10085.0,1,2,OVERALL,30.9
2013,45,10085.0,1,3,OVERALL,35.3
2013,45,9823.0,0,0,OVERALL,42.7
2013,45,9557.0,0,1,OVERALL,21.5
2013,45,9672.0,2,4,OVERALL,42.1
2013,45,9584.0,2,5,OVERALL,17.6
2013,45,9607.0,2,6,OVERALL,24.8
2013,45,9974.0,2,7,OVERALL,28.4
2013,45,10100.0,2,8,OVERALL,30.1
2014,45,14058.0,1,2,OVERALL,31.9
2014,45,14058.0,1,3,OVERALL,35.9
2014,45,15394.0,2,8,OVERALL,27.6
2011,46,11918.0,1,2,OVERALL,24.4
2011,46,11918.0,1,3,OVERALL,34.5
2011,46,11873.0,0,0,OVERALL,34.9
2011,46,11692.0,0,1,OVERALL,19.8
2011,46,11651.0,2,5,OVERALL,22.5
2011,46,11702.0,2,6,OVERALL,33.6
2011,46,12004.0,2,7,OVERALL,32.3
2011,46,12163.0,2,8,OVERALL,18.9
2012,46,11683.0,1,2,OVERALL,24.3
2012,46,11683.0,1,3,OVERALL,33.5
2012,46,12403.0,2,8,OVERALL,16.5
2013,46,12027.0,1,2,OVERALL,24.1
2013,46,12027.0,1,3,OVERALL,35.0
2013,46,11769.0,0,0,OVERALL,36.5
2013,46,11616.0,0,1,OVERALL,20.4
2013,46,11459.0,2,5,OVERALL,22.4
2013,46,11504.0,2,6,OVERALL,33.5
2013,46,11749.0,2,7,OVERALL,32.3
2013,46,11937.0,2,8,OVERALL,20.6
2014,46,13965.0,1,2,OVERALL,25.7
2014,46,13965.0,1,3,OVERALL,33.8
2011,49,6924.0,2,8,OVERALL,21.0
2014,46,14993.0,2,8,OVERALL,16.8
2011,49,6771.0,1,2,OVERALL,25.4
2011,49,6771.0,1,3,OVERALL,34.3
2011,49,6822.0,0,0,OVERALL,31.4
2011,49,6697.0,0,1,OVERALL,18.1
2011,49,6648.0,2,5,OVERALL,21.6
2011,49,6674.0,2,6,OVERALL,39.9
2011,49,6835.0,2,7,OVERALL,29.0
2012,49,5791.0,1,2,OVERALL,23.7
2012,49,5791.0,1,3,OVERALL,36.6
2012,49,6048.0,2,8,OVERALL,17.2
2013,49,6106.0,1,2,OVERALL,24.7
2013,49,6106.0,1,3,OVERALL,37.2
2013,49,5975.0,0,0,OVERALL,32.8
2013,49,5857.0,0,1,OVERALL,16.5
2013,49,5735.0,2,5,OVERALL,23.0
2013,49,5745.0,2,6,OVERALL,39.1
2013,49,5905.0,2,7,OVERALL,30.3
2013,49,5986.0,2,8,OVERALL,20.5
2014,49,6068.0,1,2,OVERALL,24.8
2014,49,6068.0,1,3,OVERALL,35.4
2014,49,6458.0,2,8,OVERALL,19.0
2011,47,6151.0,1,2,OVERALL,29.2
2011,47,6151.0,1,3,OVERALL,34.1
2011,47,6057.0,0,0,OVERALL,38.4
2011,47,5977.0,0,1,OVERALL,22.2
2012,47,7388.0,2,8,OVERALL,22.5
2011,47,5915.0,2,4,OVERALL,52.4
2011,47,5848.0,2,5,OVERALL,22.7
2011,47,5837.0,2,6,OVERALL,33.6
2011,47,6105.0,2,7,OVERALL,33.4
2011,47,6199.0,2,8,OVERALL,25.0
2012,47,6948.0,1,2,OVERALL,27.4
2012,47,6948.0,1,3,OVERALL,36.2
2013,47,7941.0,1,2,OVERALL,27.2
2013,47,7941.0,1,3,OVERALL,36.8
2013,47,7639.0,0,0,OVERALL,37.4
2013,47,7507.0,0,1,OVERALL,21.4
2013,47,7483.0,2,4,OVERALL,51.9
2013,47,7401.0,2,5,OVERALL,22.6
2013,47,7425.0,2,6,OVERALL,32.1
2013,47,7663.0,2,7,OVERALL,32.4
2013,47,7767.0,2,8,OVERALL,25.5
2014,47,8879.0,1,2,OVERALL,28.5
2014,47,8879.0,1,3,OVERALL,36.3
2014,47,9452.0,2,8,OVERALL,23.5
2011,50,13896.0,1,2,OVERALL,26.5
2011,50,13896.0,1,3,OVERALL,34.5
2011,50,14155.0,0,0,OVERALL,35.0
2011,50,13994.0,0,1,OVERALL,18.8
2011,50,13906.0,2,5,OVERALL,21.0
2011,50,13909.0,2,6,OVERALL,34.0
2011,50,14349.0,2,7,OVERALL,30.6
2011,50,14469.0,2,8,OVERALL,22.0
2012,50,14540.0,1,2,OVERALL,26.8
2012,50,14540.0,1,3,OVERALL,35.4
2012,50,15305.0,2,8,OVERALL,19.0
2013,50,10554.0,1,2,OVERALL,27.2
2013,50,10554.0,1,3,OVERALL,34.3
2013,50,10592.0,0,0,OVERALL,36.6
2013,50,10412.0,0,1,OVERALL,18.2
2013,50,10304.0,2,5,OVERALL,21.9
2013,50,10356.0,2,6,OVERALL,35.9
2013,50,10590.0,2,7,OVERALL,31.5
2013,50,10734.0,2,8,OVERALL,20.0
2014,50,9444.0,1,2,OVERALL,27.3
2014,50,9444.0,1,3,OVERALL,36.1
2014,50,10074.0,2,8,OVERALL,18.1
2011,52,4958.0,1,2,OVERALL,32.4
2011,52,4958.0,1,3,OVERALL,36.5
2011,52,5024.0,0,0,OVERALL,47.2
2011,52,5037.0,0,1,OVERALL,26.2
2012,52,5408.0,2,8,OVERALL,31.0
2011,52,5096.0,2,4,OVERALL,43.0
2011,52,5074.0,2,5,OVERALL,12.7
2011,53,6553.0,2,8,OVERALL,25.5
2011,52,5077.0,2,6,OVERALL,26.1
2011,52,5213.0,2,7,OVERALL,20.2
2011,52,5238.0,2,8,OVERALL,35.1
2012,52,5125.0,1,2,OVERALL,33.8
2012,52,5125.0,1,3,OVERALL,34.5
2013,52,5636.0,1,2,OVERALL,35.1
2013,52,5636.0,1,3,OVERALL,33.7
2013,52,5596.0,0,0,OVERALL,46.0
2013,52,5534.0,0,1,OVERALL,24.2
2013,52,5587.0,2,4,OVERALL,47.6
2013,52,5566.0,2,5,OVERALL,12.7
2013,52,5549.0,2,6,OVERALL,31.3
2013,52,5752.0,2,7,OVERALL,18.6
2013,52,5769.0,2,8,OVERALL,31.4
2014,52,5846.0,1,2,OVERALL,35.7
2014,52,5846.0,1,3,OVERALL,34.0
2014,52,6190.0,2,8,OVERALL,28.7
2011,51,4941.0,1,2,OVERALL,27.7
2011,51,4941.0,1,3,OVERALL,36.2
2011,51,4862.0,0,0,OVERALL,35.6
2011,51,4803.0,0,1,OVERALL,26.0
2011,51,4658.0,2,5,OVERALL,22.3
2011,51,4658.0,2,6,OVERALL,35.4
2011,51,4774.0,2,7,OVERALL,29.2
2011,51,4858.0,2,8,OVERALL,22.7
2012,51,4966.0,1,2,OVERALL,29.7
2012,51,4966.0,1,3,OVERALL,36.8
2012,51,5290.0,2,8,OVERALL,20.4
2013,51,6188.0,1,2,OVERALL,29.8
2013,51,6188.0,1,3,OVERALL,36.7
2013,51,5857.0,0,0,OVERALL,37.8
2013,51,5788.0,0,1,OVERALL,25.8
2013,51,5595.0,2,5,OVERALL,20.9
2013,51,5606.0,2,6,OVERALL,31.9
2013,51,5724.0,2,7,OVERALL,29.8
2013,51,5823.0,2,8,OVERALL,23.8
2014,51,6655.0,1,2,OVERALL,31.2
2014,51,6655.0,1,3,OVERALL,36.2
2014,51,7036.0,2,8,OVERALL,21.2
2011,53,6565.0,1,2,OVERALL,25.0
2011,53,6565.0,1,3,OVERALL,36.3
2011,53,6463.0,0,0,OVERALL,38.2
2011,53,6403.0,0,1,OVERALL,22.4
2011,53,6283.0,2,5,OVERALL,21.2
2011,53,6282.0,2,6,OVERALL,33.0
2011,53,6492.0,2,7,OVERALL,29.6
2012,53,5976.0,1,2,OVERALL,24.6
2012,53,5976.0,1,3,OVERALL,38.7
2012,53,6260.0,2,8,OVERALL,21.1
2013,53,6147.0,1,2,OVERALL,27.8
2013,53,6147.0,1,3,OVERALL,36.6
2013,53,5938.0,0,0,OVERALL,40.9
2013,53,5819.0,0,1,OVERALL,20.1
2013,53,5727.0,2,5,OVERALL,20.5
2013,53,5747.0,2,6,OVERALL,35.7
2013,53,5958.0,2,7,OVERALL,28.6
2013,53,6055.0,2,8,OVERALL,25.1
2014,53,5973.0,1,2,OVERALL,29.5
2014,53,5973.0,1,3,OVERALL,35.2
2014,53,6396.0,2,8,OVERALL,22.1
2015,1,7124.0,0,0,OVERALL,48.3
2015,1,6938.0,0,1,OVERALL,27.8
2015,0,3364.0,0,0,OVERALL,41.0
2015,0,3322.0,0,1,OVERALL,18.9
2015,3,7068.0,0,0,OVERALL,39.7
2015,3,6905.0,0,1,OVERALL,20.5
2015,2,4642.0,0,0,OVERALL,49.6
2015,2,4526.0,0,1,OVERALL,28.1
2015,4,11086.0,0,0,OVERALL,35.8
2015,4,10846.0,0,1,OVERALL,18.6
2015,5,11563.0,0,0,OVERALL,35.8
2015,5,11360.0,0,1,OVERALL,17.8
2015,6,10532.0,0,0,OVERALL,35.5
2015,6,10352.0,0,1,OVERALL,19.5
2015,8,3670.0,0,0,OVERALL,38.2
2015,8,3570.0,0,1,OVERALL,20.7
2015,7,3472.0,0,0,OVERALL,37.1
2015,7,3413.0,0,1,OVERALL,19.1
2015,9,8642.0,0,0,OVERALL,39.0
2015,9,8480.0,0,1,OVERALL,21.3
2015,10,4144.0,0,0,OVERALL,44.8
2015,10,4087.0,0,1,OVERALL,24.7
2015,12,6572.0,0,0,OVERALL,41.3
2015,12,6438.0,0,1,OVERALL,21.4
2015,14,5332.0,0,0,OVERALL,39.4
2015,14,5235.0,0,1,OVERALL,18.6
2015,15,4954.0,0,0,OVERALL,38.5
2015,15,4894.0,0,1,OVERALL,24.3
2015,16,5504.0,0,0,OVERALL,42.9
2015,16,5392.0,0,1,OVERALL,26.7
2015,13,5659.0,0,0,OVERALL,41.7
2015,13,5566.0,0,1,OVERALL,26.9
2015,18,7968.0,0,0,OVERALL,46.9
2015,18,7758.0,0,1,OVERALL,24.6
2015,19,4119.0,0,0,OVERALL,50.4
2015,3,7166.0,2,8,OVERALL,24.7
2015,19,4038.0,0,1,OVERALL,31.0
2015,22,8474.0,0,0,OVERALL,35.2
2015,22,8353.0,0,1,OVERALL,18.3
2015,21,11252.0,0,0,OVERALL,36.0
2015,21,11016.0,0,1,OVERALL,21.3
2015,20,7951.0,0,0,OVERALL,34.0
2015,20,7792.0,0,1,OVERALL,18.3
2015,23,8250.0,0,0,OVERALL,39.7
2015,23,8155.0,0,1,OVERALL,24.7
2015,24,15383.0,0,0,OVERALL,37.1
2015,5,11792.0,2,8,OVERALL,17.9
2015,24,15076.0,0,1,OVERALL,22.4
2015,26,5469.0,0,0,OVERALL,51.2
2015,26,5402.0,0,1,OVERALL,31.2
2015,25,6718.0,0,0,OVERALL,44.4
2015,25,6576.0,0,1,OVERALL,23.3
2015,27,5604.0,0,0,OVERALL,39.3
2015,27,5502.0,0,1,OVERALL,19.3
2015,30,16135.0,0,0,OVERALL,41.1
2015,30,15850.0,0,1,OVERALL,24.7
2015,34,2669.0,0,0,OVERALL,36.9
2015,34,2611.0,0,1,OVERALL,19.2
2015,26,5715.0,2,8,OVERALL,36.8
2015,31,6350.0,0,0,OVERALL,33.3
2015,31,6211.0,0,1,OVERALL,17.3
2015,32,10240.0,0,0,OVERALL,35.9
2015,32,10059.0,0,1,OVERALL,22.1
2015,33,6058.0,0,0,OVERALL,43.1
2015,33,5959.0,0,1,OVERALL,21.5
2015,38,4819.0,2,8,OVERALL,18.8
2015,35,10917.0,0,0,OVERALL,37.4
2015,35,10698.0,0,1,OVERALL,22.4
2015,28,6085.0,0,0,OVERALL,43.3
2015,28,5958.0,0,1,OVERALL,21.6
2015,29,4578.0,0,0,OVERALL,40.5
2015,29,4518.0,0,1,OVERALL,27.5
2015,36,10732.0,0,0,OVERALL,42.9
2015,36,10508.0,0,1,OVERALL,24.7
2015,37,6411.0,0,0,OVERALL,51.1
2015,49,6006.0,2,8,OVERALL,22.2
2015,37,6262.0,0,1,OVERALL,24.5
2015,38,4739.0,0,0,OVERALL,36.5
2015,38,4651.0,0,1,OVERALL,16.5
2015,39,5179.0,0,0,OVERALL,39.3
2015,39,5111.0,0,1,OVERALL,24.2
2015,41,5471.0,0,0,OVERALL,37.6
2015,41,5307.0,0,1,OVERALL,23.5
2015,42,10478.0,0,0,OVERALL,47.1
2015,42,10292.0,0,1,OVERALL,25.4
2015,43,6791.0,0,0,OVERALL,42.5
2015,43,6698.0,0,1,OVERALL,26.1
2015,44,5241.0,0,0,OVERALL,45.2
2015,44,5096.0,0,1,OVERALL,22.6
2015,45,12814.0,0,0,OVERALL,42.5
2015,45,12485.0,0,1,OVERALL,19.5
2015,46,10485.0,0,0,OVERALL,37.6
2015,46,10358.0,0,1,OVERALL,20.0
2015,49,5943.0,0,0,OVERALL,33.9
2015,49,5838.0,0,1,OVERALL,17.6
2015,47,7938.0,0,0,OVERALL,40.1
2015,47,7811.0,0,1,OVERALL,21.7
2015,50,14795.0,0,0,OVERALL,36.5
2015,50,14524.0,0,1,OVERALL,16.9
2015,52,5451.0,0,0,OVERALL,49.9
2015,52,5431.0,0,1,OVERALL,26.5
2015,51,5566.0,0,0,OVERALL,37.9
2015,51,5507.0,0,1,OVERALL,24.0
2015,53,4940.0,0,0,OVERALL,41.8
2015,53,4841.0,0,1,OVERALL,21.5
2015,11,1531.0,0,0,OVERALL,43.6
2015,11,1502.0,0,1,OVERALL,26.8
2015,40,5148.0,0,1,OVERALL,24.5
2015,1,7025.0,2,4,OVERALL,44.6
2015,1,6956.0,2,5,OVERALL,16.7
2015,1,6991.0,2,6,OVERALL,26.1
2015,1,7187.0,2,7,OVERALL,25.7
2015,1,7269.0,2,8,OVERALL,31.9
2015,0,3219.0,2,5,OVERALL,24.3
2015,0,3244.0,2,6,OVERALL,37.0
2015,0,3340.0,2,7,OVERALL,34.1
2015,0,3420.0,2,8,OVERALL,22.0
2015,3,6730.0,2,5,OVERALL,21.8
2015,3,6786.0,2,6,OVERALL,33.4
2015,3,7033.0,2,7,OVERALL,30.7
2015,2,4478.0,2,4,OVERALL,45.1
2015,2,4410.0,2,5,OVERALL,15.6
2015,2,4441.0,2,6,OVERALL,28.3
2015,2,4642.0,2,7,OVERALL,24.4
2015,2,4727.0,2,8,OVERALL,34.2
2015,4,10563.0,2,5,OVERALL,22.9
2015,4,10609.0,2,6,OVERALL,35.3
2015,4,10745.0,2,7,OVERALL,33.0
2015,4,10904.0,2,8,OVERALL,20.0
2015,5,11232.0,2,5,OVERALL,26.2
2015,5,11252.0,2,6,OVERALL,39.0
2015,5,11624.0,2,7,OVERALL,35.4
2015,6,10065.0,2,5,OVERALL,21.3
2015,6,10105.0,2,6,OVERALL,33.7
2015,6,10408.0,2,7,OVERALL,31.2
2015,6,10581.0,2,8,OVERALL,23.5
2015,8,3629.0,2,4,OVERALL,48.5
2015,8,3579.0,2,5,OVERALL,20.3
2015,8,3602.0,2,6,OVERALL,30.2
2015,8,3706.0,2,7,OVERALL,30.5
2015,8,3774.0,2,8,OVERALL,29.4
2015,7,3275.0,2,5,OVERALL,23.7
2015,7,3283.0,2,6,OVERALL,34.8
2015,7,3468.0,2,7,OVERALL,33.6
2015,7,3541.0,2,8,OVERALL,19.4
2015,9,8343.0,2,4,OVERALL,51.6
2015,9,8232.0,2,5,OVERALL,21.7
2015,9,8276.0,2,6,OVERALL,32.8
2015,9,8548.0,2,7,OVERALL,31.9
2015,9,8686.0,2,8,OVERALL,26.2
2015,10,4060.0,2,4,OVERALL,48.0
2015,10,4009.0,2,5,OVERALL,18.7
2015,10,4035.0,2,6,OVERALL,30.7
2015,10,4148.0,2,7,OVERALL,29.6
2015,10,4225.0,2,8,OVERALL,27.3
2015,12,6342.0,2,5,OVERALL,23.6
2015,12,6372.0,2,6,OVERALL,37.0
2015,12,6433.0,2,7,OVERALL,33.3
2015,12,6501.0,2,8,OVERALL,22.5
2015,14,5115.0,2,5,OVERALL,21.3
2015,14,5131.0,2,6,OVERALL,34.6
2015,14,5284.0,2,7,OVERALL,29.9
2015,14,5360.0,2,8,OVERALL,21.2
2015,15,4860.0,2,4,OVERALL,49.8
2015,15,4843.0,2,5,OVERALL,21.3
2015,15,4854.0,2,6,OVERALL,29.8
2015,15,4892.0,2,7,OVERALL,31.5
2015,15,4924.0,2,8,OVERALL,24.8
2015,16,5321.0,2,4,OVERALL,44.1
2015,16,5264.0,2,5,OVERALL,15.6
2015,16,5287.0,2,6,OVERALL,26.2
2015,16,5459.0,2,7,OVERALL,27.0
2015,16,5553.0,2,8,OVERALL,29.4
2015,13,5555.0,2,4,OVERALL,48.8
2015,13,5516.0,2,5,OVERALL,19.4
2015,13,5526.0,2,6,OVERALL,27.7
2015,13,5690.0,2,7,OVERALL,29.8
2015,13,5747.0,2,8,OVERALL,26.3
2015,18,7717.0,2,4,OVERALL,45.2
2015,18,7626.0,2,5,OVERALL,18.0
2015,18,7673.0,2,6,OVERALL,28.6
2015,18,7934.0,2,7,OVERALL,28.4
2015,18,8070.0,2,8,OVERALL,32.5
2015,19,4027.0,2,4,OVERALL,46.2
2015,19,3979.0,2,5,OVERALL,18.7
2015,19,3994.0,2,6,OVERALL,28.2
2015,19,4156.0,2,7,OVERALL,27.2
2015,19,4236.0,2,8,OVERALL,31.9
2015,22,8199.0,2,5,OVERALL,18.9
2015,22,8208.0,2,6,OVERALL,35.6
2015,22,8438.0,2,7,OVERALL,27.9
2015,22,8528.0,2,8,OVERALL,24.8
2015,21,10675.0,2,5,OVERALL,22.9
2015,21,10728.0,2,6,OVERALL,31.1
2015,21,11202.0,2,7,OVERALL,32.7
2015,21,11393.0,2,8,OVERALL,24.1
2015,20,7694.0,2,4,OVERALL,51.8
2015,20,7551.0,2,5,OVERALL,21.3
2015,20,7630.0,2,6,OVERALL,31.2
2015,20,7925.0,2,7,OVERALL,31.5
2015,20,8105.0,2,8,OVERALL,26.5
2015,23,8118.0,2,4,OVERALL,52.1
2015,23,8037.0,2,5,OVERALL,19.5
2015,23,8079.0,2,6,OVERALL,33.4
2015,23,8275.0,2,7,OVERALL,29.3
2015,23,8391.0,2,8,OVERALL,25.5
2015,24,14856.0,2,5,OVERALL,21.8
2015,24,14910.0,2,6,OVERALL,33.7
2015,24,15376.0,2,7,OVERALL,31.9
2015,24,15629.0,2,8,OVERALL,21.8
2015,26,5466.0,2,4,OVERALL,38.0
2015,26,5424.0,2,5,OVERALL,15.3
2015,26,5437.0,2,6,OVERALL,21.9
2015,26,5658.0,2,7,OVERALL,26.5
2015,25,6571.0,2,4,OVERALL,50.5
2015,25,6518.0,2,5,OVERALL,19.1
2015,25,6521.0,2,6,OVERALL,32.0
2015,25,6770.0,2,7,OVERALL,28.8
2015,25,6851.0,2,8,OVERALL,27.0
2015,27,5496.0,2,5,OVERALL,24.5
2015,27,5488.0,2,6,OVERALL,40.1
2015,27,5704.0,2,7,OVERALL,32.9
2015,27,5757.0,2,8,OVERALL,22.5
2015,30,15878.0,2,4,OVERALL,51.3
2015,30,15724.0,2,5,OVERALL,21.8
2015,30,15776.0,2,6,OVERALL,29.4
2015,30,16117.0,2,7,OVERALL,31.2
2015,30,16319.0,2,8,OVERALL,25.3
2015,34,2604.0,2,5,OVERALL,24.9
2015,34,2622.0,2,6,OVERALL,36.6
2015,34,2701.0,2,7,OVERALL,34.3
2015,34,2738.0,2,8,OVERALL,24.7
2015,31,6088.0,2,5,OVERALL,23.1
2015,31,6100.0,2,6,OVERALL,37.3
2015,31,6311.0,2,7,OVERALL,31.6
2015,31,6394.0,2,8,OVERALL,22.6
2015,32,10051.0,2,4,OVERALL,48.9
2015,32,9895.0,2,5,OVERALL,20.8
2015,32,9986.0,2,6,OVERALL,29.3
2015,32,10278.0,2,7,OVERALL,31.5
2015,32,10486.0,2,8,OVERALL,27.2
2015,33,5915.0,2,5,OVERALL,23.5
2015,33,5934.0,2,6,OVERALL,36.4
2015,33,6057.0,2,7,OVERALL,33.7
2015,33,6120.0,2,8,OVERALL,22.6
2015,35,10457.0,2,4,OVERALL,47.1
2015,35,10312.0,2,5,OVERALL,20.0
2015,35,10382.0,2,6,OVERALL,28.5
2015,35,10753.0,2,7,OVERALL,30.2
2015,35,10969.0,2,8,OVERALL,29.3
2015,28,5999.0,2,4,OVERALL,48.1
2015,28,5949.0,2,5,OVERALL,18.9
2015,28,5965.0,2,6,OVERALL,27.8
2015,28,6206.0,2,7,OVERALL,29.3
2015,28,6278.0,2,8,OVERALL,26.2
2015,29,4458.0,2,4,OVERALL,47.0
2015,29,4400.0,2,5,OVERALL,17.7
2015,29,4421.0,2,6,OVERALL,27.2
2015,29,4552.0,2,7,OVERALL,27.6
2015,29,4633.0,2,8,OVERALL,26.8
2015,36,10539.0,2,4,OVERALL,50.2
2015,36,10401.0,2,5,OVERALL,19.7
2015,36,10477.0,2,6,OVERALL,32.2
2015,36,10781.0,2,7,OVERALL,29.5
2015,36,10963.0,2,8,OVERALL,27.0
2015,37,6248.0,2,4,OVERALL,46.6
2015,37,6201.0,2,5,OVERALL,16.9
2015,37,6209.0,2,6,OVERALL,28.2
2015,37,6429.0,2,7,OVERALL,26.2
2015,37,6481.0,2,8,OVERALL,33.2
2015,38,4508.0,2,5,OVERALL,22.6
2015,38,4529.0,2,6,OVERALL,39.8
2015,38,4736.0,2,7,OVERALL,30.4
2015,39,5078.0,2,4,OVERALL,49.8
2015,39,5030.0,2,5,OVERALL,19.6
2015,39,5051.0,2,6,OVERALL,31.1
2015,39,5187.0,2,7,OVERALL,29.6
2015,39,5265.0,2,8,OVERALL,27.8
2015,41,5265.0,2,4,OVERALL,50.4
2015,41,5205.0,2,5,OVERALL,20.0
2015,41,5231.0,2,6,OVERALL,29.7
2015,41,5403.0,2,7,OVERALL,28.7
2015,41,5498.0,2,8,OVERALL,28.1
2015,42,10301.0,2,4,OVERALL,50.5
2015,42,10184.0,2,5,OVERALL,19.7
2015,42,10235.0,2,6,OVERALL,31.4
2015,42,10590.0,2,7,OVERALL,29.4
2015,42,10775.0,2,8,OVERALL,26.7
2015,43,6637.0,2,5,OVERALL,19.2
2015,43,6643.0,2,6,OVERALL,32.5
2015,43,6803.0,2,7,OVERALL,28.8
2015,43,6860.0,2,8,OVERALL,21.5
2015,44,5105.0,2,4,OVERALL,45.4
2015,44,5034.0,2,5,OVERALL,17.8
2015,44,5051.0,2,6,OVERALL,27.6
2015,44,5290.0,2,7,OVERALL,27.6
2015,44,5389.0,2,8,OVERALL,30.4
2015,45,12451.0,2,4,OVERALL,44.3
2015,45,12284.0,2,5,OVERALL,18.8
2015,45,12356.0,2,6,OVERALL,24.9
2015,45,12685.0,2,7,OVERALL,29.3
2015,45,12938.0,2,8,OVERALL,29.5
2015,46,10119.0,2,5,OVERALL,24.8
2015,46,10172.0,2,6,OVERALL,33.9
2015,46,10471.0,2,7,OVERALL,34.8
2015,46,10609.0,2,8,OVERALL,20.3
2015,49,5664.0,2,5,OVERALL,22.7
2015,49,5709.0,2,6,OVERALL,39.1
2015,49,5882.0,2,7,OVERALL,30.5
2015,47,7791.0,2,4,OVERALL,51.0
2015,47,7708.0,2,5,OVERALL,22.1
2015,47,7717.0,2,6,OVERALL,30.6
2015,47,8012.0,2,7,OVERALL,32.3
2015,47,8114.0,2,8,OVERALL,25.1
2015,50,14252.0,2,5,OVERALL,22.7
2015,50,14296.0,2,6,OVERALL,37.9
2015,50,14783.0,2,7,OVERALL,31.8
2015,50,15013.0,2,8,OVERALL,19.0
2015,52,5495.0,2,4,OVERALL,48.0
2015,52,5456.0,2,5,OVERALL,13.8
2015,52,5444.0,2,6,OVERALL,32.8
2015,52,5658.0,2,7,OVERALL,20.9
2015,52,5712.0,2,8,OVERALL,30.8
2015,51,5325.0,2,5,OVERALL,20.1
2015,51,5360.0,2,6,OVERALL,36.4
2015,51,5443.0,2,7,OVERALL,28.6
2015,51,5534.0,2,8,OVERALL,21.6
2015,53,4770.0,2,5,OVERALL,23.4
2015,53,4771.0,2,6,OVERALL,36.2
2015,53,4966.0,2,7,OVERALL,32.1
2015,53,5040.0,2,8,OVERALL,26.2
2015,11,1483.0,2,4,OVERALL,48.9
2015,11,1469.0,2,5,OVERALL,21.5
2015,11,1481.0,2,6,OVERALL,31.9
2015,11,1491.0,2,7,OVERALL,32.0
2015,11,1514.0,2,8,OVERALL,31.1
2015,40,5230.0,2,4,OVERALL,34.1
2015,40,5225.0,2,5,OVERALL,8.1
2015,40,5224.0,2,6,OVERALL,17.2
2015,40,5296.0,2,7,OVERALL,10.9
2015,40,5301.0,2,8,OVERALL,48.1
2015,1,7383.0,1,2,OVERALL,35.6
2015,1,7383.0,1,3,OVERALL,33.0
2015,0,3434.0,1,2,OVERALL,29.8
2015,0,3434.0,1,3,OVERALL,37.4
2015,3,7152.0,1,2,OVERALL,28.4
2015,3,7152.0,1,3,OVERALL,36.9
2015,2,4813.0,1,2,OVERALL,34.5
2015,2,4813.0,1,3,OVERALL,35.0
2015,4,11459.0,1,2,OVERALL,24.2
2015,4,11459.0,1,3,OVERALL,36.2
2015,5,12183.0,1,2,OVERALL,20.2
2015,5,12183.0,1,3,OVERALL,36.4
2015,6,10901.0,1,2,OVERALL,25.3
2015,6,10901.0,1,3,OVERALL,36.4
2015,8,3688.0,1,2,OVERALL,29.7
2015,8,3688.0,1,3,OVERALL,37.2
2015,7,3654.0,1,2,OVERALL,22.1
2015,7,3654.0,1,3,OVERALL,32.2
2015,9,8985.0,1,2,OVERALL,26.8
2015,9,8985.0,1,3,OVERALL,37.3
2015,10,4269.0,1,2,OVERALL,30.7
2015,10,4269.0,1,3,OVERALL,34.8
2015,12,6822.0,1,2,OVERALL,22.7
2015,12,6822.0,1,3,OVERALL,34.3
2015,14,5358.0,1,2,OVERALL,28.6
2015,14,5358.0,1,3,OVERALL,36.6
2015,15,5081.0,1,2,OVERALL,30.8
2015,15,5081.0,1,3,OVERALL,35.4
2015,16,5647.0,1,2,OVERALL,31.3
2015,16,5647.0,1,3,OVERALL,35.2
2015,13,5614.0,1,2,OVERALL,32.1
2015,13,5614.0,1,3,OVERALL,34.5
2015,18,8130.0,1,2,OVERALL,34.6
2015,18,8130.0,1,3,OVERALL,32.6
2015,19,4324.0,1,2,OVERALL,36.2
2015,19,4324.0,1,3,OVERALL,33.0
2015,22,8579.0,1,2,OVERALL,30.0
2015,22,8579.0,1,3,OVERALL,36.5
2015,21,11357.0,1,2,OVERALL,28.9
2015,21,11357.0,1,3,OVERALL,36.1
2015,20,8206.0,1,2,OVERALL,24.3
2015,20,8206.0,1,3,OVERALL,35.4
2015,23,8329.0,1,2,OVERALL,31.2
2015,23,8329.0,1,3,OVERALL,35.1
2015,24,15340.0,1,2,OVERALL,26.1
2015,24,15340.0,1,3,OVERALL,36.7
2015,26,5664.0,1,2,OVERALL,35.6
2015,26,5664.0,1,3,OVERALL,34.5
2015,25,6764.0,1,2,OVERALL,32.4
2015,25,6764.0,1,3,OVERALL,33.9
2015,27,5563.0,1,2,OVERALL,23.6
2015,27,5563.0,1,3,OVERALL,37.4
2015,30,16265.0,1,2,OVERALL,31.4
2015,30,16265.0,1,3,OVERALL,35.6
2015,34,2701.0,1,2,OVERALL,26.7
2015,34,2701.0,1,3,OVERALL,38.0
2015,31,6366.0,1,2,OVERALL,26.3
2015,31,6366.0,1,3,OVERALL,37.3
2015,32,10184.0,1,2,OVERALL,25.6
2015,32,10184.0,1,3,OVERALL,37.8
2015,33,6206.0,1,2,OVERALL,28.8
2015,33,6206.0,1,3,OVERALL,35.7
2015,35,11281.0,1,2,OVERALL,25.0
2015,35,11281.0,1,3,OVERALL,34.5
2015,28,6019.0,1,2,OVERALL,30.1
2015,28,6019.0,1,3,OVERALL,35.8
2015,29,4612.0,1,2,OVERALL,31.0
2015,29,4612.0,1,3,OVERALL,36.0
2015,36,10924.0,1,2,OVERALL,29.8
2015,36,10924.0,1,3,OVERALL,36.7
2015,37,6521.0,1,2,OVERALL,33.9
2015,37,6521.0,1,3,OVERALL,35.1
2015,38,4905.0,1,2,OVERALL,30.1
2015,38,4905.0,1,3,OVERALL,34.5
2015,39,5335.0,1,2,OVERALL,30.0
2015,39,5335.0,1,3,OVERALL,36.2
2015,41,5668.0,1,2,OVERALL,26.0
2015,41,5668.0,1,3,OVERALL,36.7
2015,42,10865.0,1,2,OVERALL,31.7
2015,42,10865.0,1,3,OVERALL,34.5
2015,43,6707.0,1,2,OVERALL,30.4
2015,43,6707.0,1,3,OVERALL,34.1
2015,44,5475.0,1,2,OVERALL,33.8
2015,44,5475.0,1,3,OVERALL,34.9
2015,45,13230.0,1,2,OVERALL,32.4
2015,45,13230.0,1,3,OVERALL,36.3
2015,46,10455.0,1,2,OVERALL,24.5
2015,46,10455.0,1,3,OVERALL,35.2
2015,49,6008.0,1,2,OVERALL,25.1
2015,49,6008.0,1,3,OVERALL,34.7
2015,47,8030.0,1,2,OVERALL,29.2
2015,47,8030.0,1,3,OVERALL,34.9
2015,50,14694.0,1,2,OVERALL,26.4
2015,50,14694.0,1,3,OVERALL,36.1
2015,52,5471.0,1,2,OVERALL,35.6
2015,52,5471.0,1,3,OVERALL,35.5
2015,51,5755.0,1,2,OVERALL,30.7
2015,51,5755.0,1,3,OVERALL,35.3
2015,53,5010.0,1,2,OVERALL,29.0
2015,53,5010.0,1,3,OVERALL,36.4
2015,11,1588.0,1,2,OVERALL,31.6
2015,11,1588.0,1,3,OVERALL,35.5
2015,40,5154.0,1,2,OVERALL,29.5
2015,40,5154.0,1,3,OVERALL,37.5
2016,1,6526.0,1,3,OVERALL,33.9
2016,0,2739.0,1,3,OVERALL,35.3
2016,3,10033.0,1,3,OVERALL,34.2
2016,2,4859.0,1,3,OVERALL,32.5
2016,4,10352.0,1,3,OVERALL,36.0
2016,5,13637.0,1,3,OVERALL,35.8
2016,6,9960.0,1,3,OVERALL,35.9
2016,8,3702.0,1,3,OVERALL,37.3
2016,7,3479.0,1,3,OVERALL,30.8
2016,10,4884.0,1,3,OVERALL,34.4
2016,12,7659.0,1,3,OVERALL,33.8
2016,14,4880.0,1,3,OVERALL,37.1
2016,15,4518.0,1,3,OVERALL,33.4
2016,16,10319.0,1,3,OVERALL,34.7
2016,13,6645.0,1,3,OVERALL,36.7
2016,17,10947.0,1,3,OVERALL,35.6
2016,18,9583.0,1,3,OVERALL,34.9
2016,19,4868.0,1,3,OVERALL,33.7
2016,22,9554.0,1,3,OVERALL,35.3
2016,21,16701.0,1,3,OVERALL,34.7
2016,20,7480.0,1,3,OVERALL,36.7
2016,23,11130.0,1,3,OVERALL,35.0
2016,24,15420.0,1,3,OVERALL,37.0
2016,26,4821.0,1,3,OVERALL,34.0
2016,25,6578.0,1,3,OVERALL,35.6
2016,27,5483.0,1,3,OVERALL,37.3
2016,30,14173.0,1,3,OVERALL,36.6
2016,34,3981.0,1,3,OVERALL,36.5
2016,31,5888.0,1,3,OVERALL,36.9
2016,32,6810.0,1,3,OVERALL,36.5
2016,33,5531.0,1,3,OVERALL,36.6
2016,28,5984.0,1,3,OVERALL,35.0
2016,29,5348.0,1,3,OVERALL,36.2
2016,36,11455.0,1,3,OVERALL,34.8
2016,37,6449.0,1,3,OVERALL,36.0
2016,38,5000.0,1,3,OVERALL,33.9
2016,39,6367.0,1,3,OVERALL,35.2
2016,41,4936.0,1,3,OVERALL,37.1
2016,42,10503.0,1,3,OVERALL,35.1
2016,43,5371.0,1,3,OVERALL,37.3
2016,44,5657.0,1,3,OVERALL,33.8
2016,45,10789.0,1,3,OVERALL,34.8
2016,46,10043.0,1,3,OVERALL,35.0
2016,49,6071.0,1,3,OVERALL,34.7
2016,47,8293.0,1,3,OVERALL,36.5
2016,50,12990.0,1,3,OVERALL,34.9
2016,52,6635.0,1,3,OVERALL,33.3
2016,51,4793.0,1,3,OVERALL,35.5
2016,53,4200.0,1,3,OVERALL,36.5
2016,11,1477.0,1,3,OVERALL,36.2
2016,40,5528.0,1,3,OVERALL,35.8
2016,48,1203.0,1,3,OVERALL,32.7
2016,19,4868.0,1,2,OVERALL,35.5
2016,22,9554.0,1,2,OVERALL,29.9
2016,21,16701.0,1,2,OVERALL,29.9
2016,20,7480.0,1,2,OVERALL,23.6
2016,23,11130.0,1,2,OVERALL,32.5
2016,24,15420.0,1,2,OVERALL,27.8
2016,26,4821.0,1,2,OVERALL,37.3
2016,25,6578.0,1,2,OVERALL,31.7
2016,17,10947.0,1,2,OVERALL,31.2
2016,18,9583.0,1,2,OVERALL,34.2
2016,1,6526.0,1,2,OVERALL,35.7
2016,0,2739.0,1,2,OVERALL,31.4
2016,3,10033.0,1,2,OVERALL,29.0
2016,2,4859.0,1,2,OVERALL,35.7
2016,4,10352.0,1,2,OVERALL,25.0
2016,5,13637.0,1,2,OVERALL,22.3
2016,6,9960.0,1,2,OVERALL,26.0
2016,8,3702.0,1,2,OVERALL,30.7
2016,7,3479.0,1,2,OVERALL,22.6
2016,10,4884.0,1,2,OVERALL,31.4
2016,12,7659.0,1,2,OVERALL,23.8
2016,14,4880.0,1,2,OVERALL,27.4
2016,15,4518.0,1,2,OVERALL,31.6
2016,16,10319.0,1,2,OVERALL,32.5
2016,13,6645.0,1,2,OVERALL,32.0
2016,27,5483.0,1,2,OVERALL,25.5
2016,30,14173.0,1,2,OVERALL,32.0
2016,34,3981.0,1,2,OVERALL,25.8
2016,31,5888.0,1,2,OVERALL,26.6
2016,32,6810.0,1,2,OVERALL,27.4
2016,33,5531.0,1,2,OVERALL,28.3
2016,28,5984.0,1,2,OVERALL,31.8
2016,29,5348.0,1,2,OVERALL,31.9
2016,36,11455.0,1,2,OVERALL,31.5
2016,37,6449.0,1,2,OVERALL,32.8
2016,38,5000.0,1,2,OVERALL,28.7
2016,39,6367.0,1,2,OVERALL,30.3
2016,41,4936.0,1,2,OVERALL,26.6
2016,42,10503.0,1,2,OVERALL,32.3
2016,43,5371.0,1,2,OVERALL,29.6
2016,44,5657.0,1,2,OVERALL,34.8
2016,45,10789.0,1,2,OVERALL,33.7
2016,46,10043.0,1,2,OVERALL,25.4
2016,49,6071.0,1,2,OVERALL,27.1
2016,47,8293.0,1,2,OVERALL,29.0
2016,50,12990.0,1,2,OVERALL,28.6
2016,52,6635.0,1,2,OVERALL,37.7
2016,51,4793.0,1,2,OVERALL,30.7
2016,53,4200.0,1,2,OVERALL,27.7
2016,11,1477.0,1,2,OVERALL,28.3
2016,40,5528.0,1,2,OVERALL,30.7
2016,48,1203.0,1,2,OVERALL,32.5
2016,1,7013.0,2,8,OVERALL,29.4
2016,0,2910.0,2,8,OVERALL,19.1
2016,3,10921.0,2,8,OVERALL,23.1
2016,2,5285.0,2,8,OVERALL,32.5
2016,4,11386.0,2,8,OVERALL,20.5
2016,5,14938.0,2,8,OVERALL,15.8
2016,6,11033.0,2,8,OVERALL,21.3
2016,8,4053.0,2,8,OVERALL,26.6
2016,7,3843.0,2,8,OVERALL,16.2
2016,10,5372.0,2,8,OVERALL,29.4
2016,12,8086.0,2,8,OVERALL,20.8
2016,14,5249.0,2,8,OVERALL,20.2
2016,15,4762.0,2,8,OVERALL,23.9
2016,16,11042.0,2,8,OVERALL,26.8
2016,13,7252.0,2,8,OVERALL,22.7
2016,17,12157.0,2,8,OVERALL,23.5
2016,18,10253.0,2,8,OVERALL,29.8
2016,19,5250.0,2,8,OVERALL,29.1
2016,22,10004.0,2,8,OVERALL,20.6
2016,20,8393.0,2,8,OVERALL,20.0
2016,23,12015.0,2,8,OVERALL,23.9
2016,24,16798.0,2,8,OVERALL,18.0
2016,26,5127.0,2,8,OVERALL,30.3
2016,25,7118.0,2,8,OVERALL,24.9
2016,27,5964.0,2,8,OVERALL,19.9
2016,30,15169.0,2,8,OVERALL,22.4
2016,34,4341.0,2,8,OVERALL,24.7
2016,31,6412.0,2,8,OVERALL,19.3
2016,32,7632.0,2,8,OVERALL,29.8
2016,33,6020.0,2,8,OVERALL,20.3
2016,28,6528.0,2,8,OVERALL,23.3
2016,29,5729.0,2,8,OVERALL,22.2
2016,36,12366.0,2,8,OVERALL,25.9
2016,37,6912.0,2,8,OVERALL,28.5
2016,38,5426.0,2,8,OVERALL,17.2
2016,39,6801.0,2,8,OVERALL,22.9
2016,41,5442.0,2,8,OVERALL,24.4
2016,42,11219.0,2,8,OVERALL,26.9
2016,43,5762.0,2,8,OVERALL,18.9
2016,44,6159.0,2,8,OVERALL,28.4
2016,45,11688.0,2,8,OVERALL,25.2
2016,46,10975.0,2,8,OVERALL,15.7
2016,49,6525.0,2,8,OVERALL,19.5
2016,47,8988.0,2,8,OVERALL,23.3
2016,50,14228.0,2,8,OVERALL,17.6
2016,52,7145.0,2,8,OVERALL,28.5
2016,51,5270.0,2,8,OVERALL,20.0
2016,53,4483.0,2,8,OVERALL,23.1
2016,11,1578.0,2,8,OVERALL,29.6
2016,40,5790.0,2,8,OVERALL,41.7
2016,48,1265.0,2,8,OVERALL,26.1
